{
	"alpha'1": 0.005893846830840155,
	"alpha'2": 0.0011228277975183776,
	"alpha'3": 0.00012944973711692676,
	"alpha1": 0.0032116673147244423,
	"alpha2": 0.00016071898947489505,
	"alpha3": 3.604683762226113e-05,
	"beta'1": 0.00272495340300849,
	"beta'2": 0.011567358060288635,
	"beta1": 0.003821242851777207,
	"beta2": 0.011748975616918234,
	"gamma1": 0.0023946597700866823,
	"gamma2": 0.008168201589564217,
	"gamma3": 0.0589964103698174,
	"gamma4": 0.0001249799059472867,
	"gamma5": 0.029300268715632294
}