{
	"alpha'1": 0.009948689896371432,
	"alpha'2": 0.00034205890499117153,
	"alpha'3": 0.0001255495503829085,
	"alpha1": 0.004465094073573095,
	"alpha2": 1.3124892229932072e-05,
	"alpha3": 0.01797936207516182,
	"beta'1": 0.0010396775443789474,
	"beta'2": 0.010329070210363778,
	"beta1": 0.006371689137555703,
	"beta2": 0.019578194728649967,
	"gamma1": 0.000686588739207461,
	"gamma2": 0.008042670701825738,
	"gamma3": 0.05191037984948743,
	"gamma4": 0.0002550285435823918,
	"gamma5": 0.0282362545533672
}