{
	"alpha'1": 0.004980390662785106,
	"alpha'2": 0.0008732017746979626,
	"alpha'3": 4.5752960292633205e-06,
	"alpha1": 0.006063894169330619,
	"alpha2": 8.934513276104283e-06,
	"alpha3": 0.0001748420374130255,
	"beta'1": 0.0010732939989940293,
	"beta'2": 0.01043601548443418,
	"beta1": 0.004635893294775539,
	"beta2": 0.015102136862887416,
	"gamma1": 0.004565904789362918,
	"gamma2": 0.006869878336794533,
	"gamma3": 0.05936419355559597,
	"gamma4": 0.00022042689807022509,
	"gamma5": 0.025868590241962086
}