{
	"alpha'1": 0.0071159659288582144,
	"alpha'2": 0.0008339972550336361,
	"alpha'3": 0.000145484371963156,
	"alpha1": 0.0067506988754042485,
	"alpha2": 0.00015825844446704096,
	"alpha3": 6.50348793596045e-07,
	"beta'1": 0.0015574426436004707,
	"beta'2": 0.010351163284822329,
	"beta1": 0.0039381858555367355,
	"beta2": 0.012702524815171867,
	"gamma1": 0.002782238194062203,
	"gamma2": 0.006730271277845423,
	"gamma3": 0.06432408698692649,
	"gamma4": 8.872378409530146e-05,
	"gamma5": 0.02414453149955631
}