{
	"alpha'1": 0.0016036887189984084,
	"alpha'2": 3.8843008568378856e-05,
	"alpha'3": 0.0010271824016453435,
	"alpha1": 0.005444258074047359,
	"alpha2": 0.013748462834154429,
	"alpha3": 0.003411460950634604,
	"beta'1": 0.0022585363512507284,
	"beta'2": 1.1746304894200144e-05,
	"beta1": 0.0012466350368398604,
	"beta2": 0.00772998447180262,
	"gamma1": 0.00019945638511575936,
	"gamma2": 0.007223032627073911,
	"gamma3": 0.03702178838885084,
	"gamma4": 9.131485999014366e-06,
	"gamma5": 0.04697427426194456
}