{
	"alpha'1": 0.07738113052329687,
	"alpha'2": 0.09238413892642372,
	"alpha'3": 0.09313241714150078,
	"alpha1": 0.05664636909649834,
	"alpha2": 0.06387360011370435,
	"alpha3": 0.08143658984129076,
	"beta'1": 0.15903396957899307,
	"beta'2": 0.04887752447005267,
	"beta1": 0.07996409046999053,
	"beta2": 0.05230339262868622,
	"gamma1": 0.1847595512557847,
	"gamma2": 0.09518271896846009,
	"gamma3": 0.13661459589903613,
	"gamma4": 0.21681710072482774,
	"gamma5": 0.05434419948222591
}