{
	"alpha'1": 0.09177337039130218,
	"alpha'2": 0.09490119073090486,
	"alpha'3": 0.09205270634027296,
	"alpha1": 0.05185976092034672,
	"alpha2": 0.06513177665917269,
	"alpha3": 0.07840388669805154,
	"beta'1": 0.16209165548132376,
	"beta'2": 0.04871437500633735,
	"beta1": 0.08832825033962854,
	"beta2": 0.04105404428880188,
	"gamma1": 0.18503514168200508,
	"gamma2": 0.08284445324461653,
	"gamma3": 0.1423162592618783,
	"gamma4": 0.19937202535269405,
	"gamma5": 0.04117124490870816
}