{
	"alpha'1": 0.19712356542646992,
	"alpha'2": 0.2158996307073352,
	"alpha'3": 0.23921509571355615,
	"alpha1": 0.3551948872864168,
	"alpha2": 0.27065649473206344,
	"alpha3": 0.16597922809776378,
	"beta'1": 0.23302617757717692,
	"beta'2": 0.176493063251843,
	"beta1": 0.16569665803318379,
	"beta2": 0.19758435917607886,
	"gamma1": 0.26207776046332376,
	"gamma2": 0.17682857246943118,
	"gamma3": 0.38462433563000276,
	"gamma4": 0.3521357993116738,
	"gamma5": 0.16685447763342176
}