{
	"alpha'1": 0.18913599162296668,
	"alpha'2": 0.08440870097362196,
	"alpha'3": 0.11618833154139163,
	"alpha1": 0.1030478064335032,
	"alpha2": 0.11311468453125162,
	"alpha3": 0.10308380199855471,
	"beta'1": 0.2545386058497583,
	"beta'2": 0.05683757503677822,
	"beta1": 0.10179567581907267,
	"beta2": 0.07110302239757804,
	"gamma1": 0.1731306313124622,
	"gamma2": 0.177073644732755,
	"gamma3": 0.1365399803477796,
	"gamma4": 0.18921651582916044,
	"gamma5": 0.11274735267578362
}