{
	"alpha'1": 0.01132675529619246,
	"alpha'2": 0.04791992944061934,
	"alpha'3": 0.0017958253461380263,
	"alpha1": 0.0033480946969284566,
	"alpha2": 0.004777428277875435,
	"alpha3": 0.018686658533367442,
	"beta'1": 0.008031243151425322,
	"beta'2": 0.0019529657651661942,
	"beta1": 0.008232898169555544,
	"beta2": 0.0033291243702967795,
	"gamma1": 0.016952398556917356,
	"gamma2": 0.01730007078355029,
	"gamma3": 0.007096038873580317,
	"gamma4": 0.00930241234971706,
	"gamma5": 0.0018351913003480974
}