{
	"alpha'1": 0.00522512315642798,
	"alpha'2": 0.000923596837650309,
	"alpha'3": -0.0014251534016376244,
	"alpha1": 0.004846414438545832,
	"alpha2": 0.00036709088266029255,
	"alpha3": 3.8566879545509636e-07,
	"beta'1": 0.0021004799199841884,
	"beta'2": 0.007941540249428614,
	"beta1": 0.0049190315440654775,
	"beta2": 0.012428265143397677,
	"gamma1": 0.0016616400575097945,
	"gamma2": 0.0031831540412001758,
	"gamma3": 0.06172741267924542,
	"gamma4": 0.00012470750424087296,
	"gamma5": 0.02507529470444725
}