{
	"alpha'1": 0.011545146205033026,
	"alpha'2": 0.0469321360255533,
	"alpha'3": 0.001876840346479188,
	"alpha1": 0.0032598444059232083,
	"alpha2": 0.004690899722114079,
	"alpha3": 0.019256468804384086,
	"beta'1": 0.007856367683931276,
	"beta'2": 0.0018295583563436011,
	"beta1": 0.008357803297319602,
	"beta2": 0.0031912551847431154,
	"gamma1": 0.017092398095882793,
	"gamma2": 0.016477554395952734,
	"gamma3": 0.00740337028984151,
	"gamma4": 0.009305588587360372,
	"gamma5": 0.001789367538915695
}