{
	"alpha'1": 0.0058386777867260875,
	"alpha'2": -0.0015014424114196956,
	"alpha'3": -0.00046354189406239144,
	"alpha1": 0.0053949679581448695,
	"alpha2": 0.00016681306159660458,
	"alpha3": 0.0004302295292336611,
	"beta'1": 0.00261244401777716,
	"beta'2": 0.004476742914583665,
	"beta1": 0.006257140743890277,
	"beta2": 0.009171590525726026,
	"gamma1": 0.0013991643017549071,
	"gamma2": 0.006315306664995468,
	"gamma3": 0.07384716022371407,
	"gamma4": 0.00012375407416564954,
	"gamma5": 0.025476264834596973
}