{
	"alpha'1": 0.07679824044407546,
	"alpha'2": 0.09106954988155835,
	"alpha'3": 0.08842705809607365,
	"alpha1": 0.06038585335784141,
	"alpha2": 0.07327519389664561,
	"alpha3": 0.06780991177561935,
	"beta'1": 0.154000707710099,
	"beta'2": 0.03277431734251113,
	"beta1": 0.07987667964470624,
	"beta2": 0.04543464374457973,
	"gamma1": 0.18304846710234834,
	"gamma2": 0.08893957869682911,
	"gamma3": 0.14543276842929587,
	"gamma4": 0.20537375063024454,
	"gamma5": 0.057378439503095846
}