{
	"alpha'1": 0.010540685606584384,
	"alpha'2": 0.04251748945198618,
	"alpha'3": 0.001701647005199317,
	"alpha1": 0.003105841851185929,
	"alpha2": 0.00438698351073194,
	"alpha3": 0.017746693650386555,
	"beta'1": 0.00659677242799459,
	"beta'2": 0.001754364924133896,
	"beta1": 0.007657239357323718,
	"beta2": 0.00309875338169349,
	"gamma1": 0.013952888470927146,
	"gamma2": 0.015160739380036752,
	"gamma3": 0.006767489970470635,
	"gamma4": 0.007451243769613419,
	"gamma5": 0.0017598251848784398
}