{
	"alpha'1": 0.010518293345213233,
	"alpha'2": 0.04349058442814826,
	"alpha'3": 0.00163626731547407,
	"alpha1": 0.003162981324429074,
	"alpha2": 0.004428099959398078,
	"alpha3": 0.017427015483506086,
	"beta'1": 0.006812222572421025,
	"beta'2": 0.0018974530549390309,
	"beta1": 0.007622979656517107,
	"beta2": 0.0032072826739365486,
	"gamma1": 0.013868692566917215,
	"gamma2": 0.015861580521822835,
	"gamma3": 0.006547561088058005,
	"gamma4": 0.007392855931587816,
	"gamma5": 0.0017751141659477971
}