{
	"alpha'1": {
		"heptanone": [
			0.32446748825380034,
			0.09800805162498961
		],
		"citronella": [
			0.1261267124190955,
			0.01309848695906363
		],
		"ethanol": [
			0.25476628876372487,
			0.055021871028382484
		],
		"hexanol": [
			0.24948314967552382,
			0.05551200523875791
		],
		"mch": [
			0.2023602388218245,
			0.04802840434948277
		],
		"octanol": [
			0.23122164588879754,
			0.04327131684942647
		],
		"peppermint": [
			0.2674786456473888,
			0.037064002779235265
		],
		"vinegar": [
			0.4156884000503617,
			0.0791276700195588
		],
		"yeast": [
			0.3918466507112428,
			0.092513617336326
		]
	},
	"alpha'2": {
		"heptanone": [
			0.4641072748721998,
			0.15649364286212847
		],
		"citronella": [
			0.18445746403538182,
			0.09048830605056943
		],
		"ethanol": [
			0.25133598951157865,
			0.13229486717863345
		],
		"hexanol": [
			0.4882506127759541,
			0.2781137028899197
		],
		"mch": [
			0.3552297316510935,
			0.14449132592896005
		],
		"octanol": [
			0.3823106373892791,
			0.23906147742875516
		],
		"peppermint": [
			0.4521996079844583,
			0.194208844962079
		],
		"vinegar": [
			0.5409026571078883,
			0.18657314264840907
		],
		"yeast": [
			0.5273025189481009,
			0.19045547075047403
		]
	},
	"alpha'3": {
		"heptanone": [
			0.18668066524053323,
			0.020150909920775333
		],
		"citronella": [
			0.11570973544481707,
			0.013103600678280177
		],
		"ethanol": [
			0.14991993009009216,
			0.028335036885684343
		],
		"hexanol": [
			0.1609153259573374,
			0.020443788920440444
		],
		"mch": [
			0.1728260397234817,
			0.04189418692889404
		],
		"octanol": [
			0.15145024546576244,
			0.032468414858368176
		],
		"peppermint": [
			0.17843259626332536,
			0.04105818832656091
		],
		"vinegar": [
			0.20988262413859307,
			0.04454994282521486
		],
		"yeast": [
			0.1911277705933943,
			0.0474831316750747
		]
	},
	"alpha1": {
		"heptanone": [
			0.24645803106829187,
			0.03478398308280787
		],
		"citronella": [
			0.12063864865172429,
			0.03556018626595637
		],
		"ethanol": [
			0.20369911775427232,
			0.032625217953170735
		],
		"hexanol": [
			0.22120723393341396,
			0.01698316167900478
		],
		"mch": [
			0.17281039967149348,
			0.056609622121778884
		],
		"octanol": [
			0.18157164074159832,
			0.04813460573227993
		],
		"peppermint": [
			0.15273297779430056,
			0.06679312039960573
		],
		"vinegar": [
			0.19838531709387094,
			0.03961894102457112
		],
		"yeast": [
			0.17755556877978643,
			0.06075070137848633
		]
	},
	"alpha2": {
		"heptanone": [
			0.25550701903444845,
			0.04565823738877578
		],
		"citronella": [
			0.11336720512989981,
			0.029250511300084617
		],
		"ethanol": [
			0.1678499268839448,
			0.05975958368831632
		],
		"hexanol": [
			0.22924136866999315,
			0.02865547356108451
		],
		"mch": [
			0.15205774134597153,
			0.037212350873849685
		],
		"octanol": [
			0.1840049167557244,
			0.07567848894761577
		],
		"peppermint": [
			0.13203556329469604,
			0.045748885080117735
		],
		"vinegar": [
			0.22484188139531436,
			0.07161515618867616
		],
		"yeast": [
			0.21128575386456724,
			0.05036226893698761
		]
	},
	"alpha3": {
		"heptanone": [
			0.3734696899169892,
			0.14698462276768462
		],
		"citronella": [
			0.16574237435697134,
			0.023373683011882578
		],
		"ethanol": [
			0.26886301555309133,
			0.07887043735835722
		],
		"hexanol": [
			0.36112172329692177,
			0.09952249285425861
		],
		"mch": [
			0.25034122583004637,
			0.06963308068317581
		],
		"octanol": [
			0.27068797205018813,
			0.06508962522362712
		],
		"peppermint": [
			0.3113696868057335,
			0.11771553571030151
		],
		"vinegar": [
			0.4199472382056957,
			0.14044945135013098
		],
		"yeast": [
			0.4436793999099621,
			0.15977977330541873
		]
	},
	"beta'1": {
		"heptanone": [
			0.2692021062300487,
			0.035278066357055556
		],
		"citronella": [
			0.1644907206800563,
			0.019541379751769408
		],
		"ethanol": [
			0.2269467764718161,
			0.010138533991670633
		],
		"hexanol": [
			0.23527301415486696,
			0.029542750140009812
		],
		"mch": [
			0.20975847176546533,
			0.02457557441331349
		],
		"octanol": [
			0.2508267785132657,
			0.028278133738990078
		],
		"peppermint": [
			0.2575428330455005,
			0.016224096273164335
		],
		"vinegar": [
			0.42974377576218686,
			0.056743226940371115
		],
		"yeast": [
			0.4084688933479505,
			0.02878006977689033
		]
	},
	"beta'2": {
		"heptanone": [
			0.17672222677775953,
			0.04796065474500333
		],
		"citronella": [
			0.11824433875707811,
			0.01842810035696892
		],
		"ethanol": [
			0.14368072687094624,
			0.02980562875417742
		],
		"hexanol": [
			0.1704984932030163,
			0.051522395261079816
		],
		"mch": [
			0.15227832546355796,
			0.028832320018254864
		],
		"octanol": [
			0.15229053785498756,
			0.021775986900488643
		],
		"peppermint": [
			0.15148539595958224,
			0.05074757125626937
		],
		"vinegar": [
			0.1821417822382813,
			0.041079859190891535
		],
		"yeast": [
			0.17699257562350892,
			0.04087120015825161
		]
	},
	"beta1": {
		"heptanone": [
			0.3009107645926008,
			0.07894824512735517
		],
		"citronella": [
			0.1319320810992048,
			0.045580289001444056
		],
		"ethanol": [
			0.2008450129941289,
			0.06511409449511098
		],
		"hexanol": [
			0.28083940919856565,
			0.05579327141263409
		],
		"mch": [
			0.19645311645163127,
			0.06358654914381111
		],
		"octanol": [
			0.22818916270685546,
			0.08075315256816548
		],
		"peppermint": [
			0.21552182018027688,
			0.06147064466295481
		],
		"vinegar": [
			0.32061501773343337,
			0.11670810301766951
		],
		"yeast": [
			0.23880623359689226,
			0.05173922791677069
		]
	},
	"beta2": {
		"heptanone": [
			0.17810754275537746,
			0.057788164143340794
		],
		"citronella": [
			0.14777995268735916,
			0.04132677923943785
		],
		"ethanol": [
			0.20476463021823443,
			0.044137017464485964
		],
		"hexanol": [
			0.1795066729895398,
			0.07018007596437202
		],
		"mch": [
			0.17046098686341266,
			0.04183718515511278
		],
		"octanol": [
			0.1685555202361925,
			0.05217881295336412
		],
		"peppermint": [
			0.15769876051651424,
			0.046185402830054276
		],
		"vinegar": [
			0.23117408812334697,
			0.034881966432927056
		],
		"yeast": [
			0.22496307842402768,
			0.057320241440748196
		]
	},
	"gamma1": {
		"heptanone": [
			0.3237996640023748,
			0.10177158023809545
		],
		"citronella": [
			0.10561114226173081,
			0.04170933425597741
		],
		"ethanol": [
			0.21840850742858584,
			0.08343845323156449
		],
		"hexanol": [
			0.36356327387634146,
			0.09919564390001574
		],
		"mch": [
			0.26095902515334457,
			0.0740256149241614
		],
		"octanol": [
			0.19222236256815103,
			0.0725780502654005
		],
		"peppermint": [
			0.22451421714878866,
			0.09218478008715515
		],
		"vinegar": [
			0.43115523670136247,
			0.09521354761643624
		],
		"yeast": [
			0.35228369375121604,
			0.09953704599005563
		]
	},
	"gamma2": {
		"heptanone": [
			0.3186905031427585,
			0.1195817589092152
		],
		"citronella": [
			0.13352738536414654,
			0.022824896793469437
		],
		"ethanol": [
			0.2861594102713353,
			0.053608313801910626
		],
		"hexanol": [
			0.27898446498593704,
			0.07988261145502375
		],
		"mch": [
			0.21158444564983703,
			0.08520239687128076
		],
		"octanol": [
			0.22631565759954642,
			0.08890144038318039
		],
		"peppermint": [
			0.30280123210157006,
			0.056221605528151856
		],
		"vinegar": [
			0.4676026836586895,
			0.11232805308121643
		],
		"yeast": [
			0.42538595393110834,
			0.10157568038762076
		]
	},
	"gamma3": {
		"heptanone": [
			0.3995186933440058,
			0.08404541237230509
		],
		"citronella": [
			0.20832302184762774,
			0.05180494715212653
		],
		"ethanol": [
			0.248453152962955,
			0.02286098307500967
		],
		"hexanol": [
			0.36504437456745337,
			0.0753720437788301
		],
		"mch": [
			0.30515839332752004,
			0.04093691436588616
		],
		"octanol": [
			0.37083300420715615,
			0.051307411841723514
		],
		"peppermint": [
			0.30530016940368937,
			0.060050077340503084
		],
		"vinegar": [
			0.41178955581471877,
			0.0724020277310878
		],