{
	"alpha'1": {
		"citronella": [
			0.4325813408828445,
			0.0,
			0.13741262554779662
		],
		"ethanol": [
			0.331989174584273,
			0.0,
			0.11038553512778787
		],
		"heptanone": [
			0.5172417742040563,
			0.0,
			0.19276871059299006
		],
		"hexanol": [
			0.5761720359593427,
			0.0,
			0.1368527245741273
		],
		"mch": [
			0.5525893262338866,
			0.0,
			0.11825237901503559
		],
		"octanol": [
			0.47093331638086955,
			0.0,
			0.19084153114840863
		],
		"peppermint": [
			0.44809070380331467,
			0.0,
			0.18321331526893345
		],
		"vinegar": [
			0.4448248448949835,
			0.0,
			0.10391326364069442
		],
		"yeast": [
			0.5155264805894185,
			0.0,
			0.10113758343722236
		]
	},
	"alpha'2": {
		"citronella": [
			0.46902132777489564,
			0.0,
			0.11346639510062827
		],
		"ethanol": [
			0.4842811667709277,
			0.0,
			0.12025917484011517
		],
		"heptanone": [
			0.4140275174788851,
			0.0,
			0.1304137401782935
		],
		"hexanol": [
			0.5521335473322163,
			0.0,
			0.05984355395134242
		],
		"mch": [
			0.4906833548699724,
			0.0,
			0.0812332815273076
		],
		"octanol": [
			0.748497363815751,
			0.0,
			0.20609992285077355
		],
		"peppermint": [
			0.3553402329557686,
			0.0,
			0.13391726573058177
		],
		"vinegar": [
			0.662187999513846,
			0.0,
			0.10143422660573122
		],
		"yeast": [
			0.5009129355076112,
			0.0,
			0.1199785951641975
		]
	},
	"alpha'3": {
		"citronella": [
			0.7335738993371603,
			0.0,
			0.1237656257429937
		],
		"ethanol": [
			0.7083604906506356,
			0.0,
			0.2510122742346443
		],
		"heptanone": [
			0.7179868762687781,
			0.0,
			0.15390406791724137
		],
		"hexanol": [
			0.6882840994119702,
			0.0,
			0.23675573901265354
		],
		"mch": [
			0.3933580072924277,
			0.0,
			0.0836870051121263
		],
		"octanol": [
			0.7482986244747717,
			0.0,
			0.16422492728161606
		],
		"peppermint": [
			0.8821314982538617,
			0.0,
			0.25741141556274205
		],
		"vinegar": [
			0.6538776848695863,
			0.0,
			0.12381129263830604
		],
		"yeast": [
			0.8219014865153702,
			0.0,
			0.19777732561554998
		]
	},
	"alpha1": {
		"citronella": [
			0.3087979392498406,
			0.0,
			0.06912757300211075
		],
		"ethanol": [
			0.3871612589411813,
			0.0,
			0.08153360897589267
		],
		"heptanone": [
			0.5926277322571102,
			0.0,
			0.07057273902701551
		],
		"hexanol": [
			0.39024440718325526,
			0.0,
			0.10188863224997534
		],
		"mch": [
			0.3631656248243901,
			0.0,
			0.07812375337488035
		],
		"octanol": [
			0.6005966798449317,
			0.0,
			0.07952012801557516
		],
		"peppermint": [
			0.3964376153081268,
			0.0,
			0.07434213015682484
		],
		"vinegar": [
			0.5129334546217464,
			0.0,
			0.06091601381218949
		],
		"yeast": [
			0.45986563216799087,
			0.0,
			0.06780466710523914
		]
	},
	"alpha2": {
		"citronella": [
			0.47126043176570626,
			0.0,
			0.11029725042411952
		],
		"ethanol": [
			0.49191010685968556,
			0.0,
			0.13831534775915996
		],
		"heptanone": [
			0.4234608545874356,
			0.0,
			0.13373597240966867
		],
		"hexanol": [
			0.30633857772457085,
			0.0,
			0.08537387557607845
		],
		"mch": [
			0.3960445239879915,
			0.0,
			0.07209927150566922
		],
		"octanol": [
			0.6569984926634075,
			0.0,
			0.20899070343069182
		],
		"peppermint": [
			0.5156829386060853,
			0.0,
			0.12350055964277397
		],
		"vinegar": [
			0.6793604333730399,
			0.0,
			0.09025283026757353
		],
		"yeast": [
			0.4262781093904265,
			0.0,
			0.11125985682670392
		]
	},
	"alpha3": {
		"citronella": [
			0.5864217402971665,
			0.0,
			0.14092269548082215
		],
		"ethanol": [
			0.6003302321714413,
			0.0,
			0.11493583968965132
		],
		"heptanone": [
			0.35674740835170093,
			0.0,
			0.16722998013219306
		],
		"hexanol": [
			0.5346447688701721,
			0.0,
			0.13587498494743278
		],
		"mch": [
			0.8434088348297458,
			0.0,
			0.09645378256046225
		],
		"octanol": [
			0.6815803111228163,
			0.0,
			0.20661946745555185
		],
		"peppermint": [
			0.39702147480407707,
			0.0,
			0.18580036220199364
		],
		"vinegar": [
			1.4395166916898134,
			0.0,
			0.051520830019278305
		],
		"yeast": [
			1.2737364746260906,
			0.0,
			0.08412274148093866
		]
	},
	"beta'1": {
		"citronella": [
			0.4918565024447797,
			0.0,
			0.14861770481357547
		],
		"ethanol": [
			0.31355806013866216,
			0.0,
			0.3321923817015761
		],
		"heptanone": [
			0.3649377419694606,
			0.0,
			0.22743681545574468
		],
		"hexanol": [
			0.26156943850773123,
			0.0,
			0.3768785775255631
		],
		"mch": [
			0.4125622018156183,
			0.0,
			0.23283514975653136
		],
		"octanol": [
			0.7604467053850746,
			0.0,
			0.23664608545008303
		],
		"peppermint": [
			0.4695030778512194,
			0.0,
			0.3646580714335889
		],
		"vinegar": [
			0.37588593629219147,
			0.0,
			0.1955328251286436
		],
		"yeast": [
			0.42786270010974325,
			0.0,
			0.26348429957114106
		]
	},
	"beta'2": {
		"citronella": [
			0.4385757164238836,
			0.0,
			0.16595798198261627
		],
		"ethanol": [
			0.22258046054190292,
			0.0,
			0.15895002591146618
		],
		"heptanone": [
			0.3443655162579632,
			0.0,
			0.14333452477410338
		],
		"hexanol": [
			0.3858082835091654,
			0.0,
			0.2837197722438601
		],
		"mch": [
			0.36134037548571846,
			0.0,
			0.236428813503792
		],
		"octanol": [
			0.34199441263760555,
			0.0,
			0.18111771863378695
		],
		"peppermint": [
			0.22916239810766612,
			0.0,
			0.2049406697993444
		],
		"vinegar": [
			0.3977436587754163,
			0.0,
			0.22748957817594825
		],
		"yeast": [
			0.23907437203347798,
			0.0,
			0.23862344175028655
		]
	},
	"beta1": {
		"citronella": [
			0.4376801275134894,
			0.0,
			0.09383752751611794
		],
		"ethanol": [
			0.10584838751801876,
			0.0,
			0.12640410548050235
		],
		"heptanone": [
			0.49384213108218245,
			0.0,
			0.0785375640320035
		],
		"hexanol": [
			0.31455205632058775,
			0.0,
			0.18627146000249883
		],
		"mch": [
			0.5692570036227051,
			0.0,
			0.16618290072830277
		],
		"octanol": [
			0.5765341959122411,
			0.0,
			0.1029946189356481
		],
		"peppermint": [
			0.43235913217890865,
			0.0,
			0.16078172450267272
		],
		"vinegar": [
			0.4908574159319826,
			0.0,
			0.16839256887582668
		],
		"yeast": [
			0.557572709212501,
			0.0,
			0.1412034238627038
		]
	},
	"beta2": {
		"citronella": [
			0.47702787445156797,
			0.0,
			0.1494606431785627
		],
		"ethanol": [
			0.4365692365980519,
			0.0,
			0.19851708762653994
		],
		"heptanone": [
			0.625644282293372,
			0.0,
			0.13097406067093403
		],
		"hexanol": [
			0.562499640650964,
			0.0,
			0.2458697050739406
		],
		"mch": [
			0.4311586870190444,
			0.0,
			0.24226184426161704
		],
		"octanol": [
			0.6334697753706081,
			0.0,
			0.14068996197464445
		],
		"peppermint": [
			0.3534253412152336,
			0.0,
			0.1501114399094736
		],
		"vinegar": [
			0.4892421150142213,
			0.0,
			0.2464099010259274
		],
		"yeast": [
			0.378227308453533,
			0.0,
			0.21735465983370683
		]
	},
	"gamma1": {
		"citronella": [
			0.5350593878800376,
			0.0,
			0.0847959943138344
		],
		"ethanol": [
			0.14114530940284326,
			0.0,
			0.1101354521176728
		],
		"heptanone": [
			0.4311098953535424,
			0.0,
			0.1833256909354413
		],
		"hexanol": [
			0.16383682227097524,
			0.0,
			0.16424791586509999
		],
		"mch": [
			0.3682384043938147,
			0.0,
			0.18221063475431248
		],
		"octanol": [
			0.3554114925078837,
			0.0,
			0.15239776110335138
		],
		"peppermint": [
			0.37206533917496226,
			0.0,
			0.17087451367994283
		],
		"vinegar": [
			0.4582569043251691,
			0.0,
			0.0982964996732643
		],
		"yeast": [
			0.38798371013463573,
			0.0,
			0.1306471842177228
		]
	},
	"gamma2": {
		"citronella": [
			0.34991252629021374,
			0.0,
			0.1309297649932687
		],
		"ethanol": [
			0.4264077134939741,
			0.0,
			0.13453556217988524
		],
		"heptanone": [
			0.46408747054307414,
			0.0,
			0.1704910387331021
		],
		"hexanol": [
			0.6197000929953645,
			0.0,
			0.18901169377317945
		],
		"mch": [
			0.36450201319510406,
			0.0,
			0.1373741607429662
		],
		"octanol": [
			0.49892369242885815,
			0.0,
			0.18857132593518494
		],